"","state","county","DemRepRatio"
"1","new york","suffolk",2.22195228369307
"56","new york","nassau",-1.2753001769182
"71","new jersey","union",-0.868195353782056
"202","connecticut","hartford",1.07729444757287
"1030","new jersey","somerset",-0.283216673516952
"1107","massachusetts","hampden",0.761956428735809
"1320","connecticut","new haven",0.746769577130642
"1321","connecticut","fairfield",0.820864406789408
"1422","michigan","livingston",-1.88413901966591
"1434","michigan","wayne",-0.858129880537147
"1613","michigan","jackson",-1.07612394424721
"1720","new york","richmond",0.996254952994177
"2450","new jersey","mercer",-1.58842300208505
"3196","new jersey","sussex",0.57060227884422
"4087","new jersey","essex",1.1134726830907
"4262","michigan","calhoun",-1.1019336409595
"5056","michigan","monroe",-0.720011788121404
"5772","new jersey","middlesex",1.53699281836135
"6250","new york","orange",0.98964239424159
"6587","ohio","lucas",0.728875471149818
"8656","massachusetts","middlesex",1.53699281836135
"9845","connecticut","middlesex",1.53699281836135
"10098","ohio","cuyahoga",1.27883365143902
"11208","illinois","cook",1.7946227838297
"11727","pennsylvania","lancaster",0.0434678282448757
"13613","connecticut","litchfield",0.0281994818188028
"13653","connecticut","windham",0.0528276849327417
"15749",NA,"washington",-0.881088978059866
"15907","indiana","allen",-1.1634025395785
"17381","ohio","franklin",0.726582514641166
"17844","michigan","kent",0.230582950578329
"22896",NA,"kent",0.230582950578329
"24691",NA,"king",1.90194169496686
"29128","massachusetts","essex",1.1134726830907
"29361","massachusetts","worcester",0.687057058765531
"29633","massachusetts","franklin",0.726582514641166
"29694","massachusetts","bristol",0.577309418355353
"29797",NA,"rockingham",-0.963390003105175
"30270","massachusetts","norfolk",1.36212132625591
"30461","new york","putnam",-1.27907171146892
"30561","new york","albany",0.282008709364262
"31883","massachusetts","plymouth",0.751190731175137
"32469","connecticut","tolland",0.562433051238091
"33022",NA,"bristol",0.577309418355353
"33103",NA,"hillsborough",0.409961958518201
"35230","massachusetts","hampshire",1.7039691041499
"35470",NA,"york",-0.0224262531821758
"35731","new york","greene",-0.747677127061704
"37422","massachusetts","berkshire",1.71185639079761
"45682","new york","washington",-0.881088978059866
"50692","massachusetts","suffolk",2.22195228369307
"50835",NA,"sullivan",-1.4745245903723
"57322","ohio","ashland",-0.895685984208272
"65279","virginia","fairfax",1.53946388231263
"67939","new york","columbia",-0.618049200217662
"72219","tennessee","shelby",0.472382717329428
"72274","missouri","jackson",-1.07612394424721
"72296","indiana","marion",-0.857213721596221
"72329","florida","seminole",0.214616571532135
"72378","florida","hillsborough",0.409961958518201
"72595","tennessee","davidson",0.658666601659913
"72749","texas","williamson",-0.71922698237222
"73106","oklahoma","oklahoma",0.153810136089827
"74195","ohio","sandusky",-0.69761890458566
"75046","tennessee","washington",-0.881088978059866
"75061","georgia","hall",-1.19408873200251
"75068",NA,"harrison",-1.48912293567288
"75073","georgia","forsyth",0.0454470025339419
"75078","kentucky","montgomery",1.20989927974349
"75090","pennsylvania","bradford",-1.48713050781446
"75107",NA,"brown",-0.267687872472843
"75123","california","orange",0.98964239424159
"75129","tennessee","sullivan",-1.4745245903723
"75132","new york","monroe",-0.720011788121404
"75137",NA,"lincoln",-1.23757204275409
"75163","north carolina","edgecombe",1.04901318216147
"75181","kentucky","perry",-1.01433081086854
"75186","wisconsin","marathon",-0.387527594474039
"75188","tennessee","decatur",-0.813310960575248
"75194","georgia","clayton",2.44909168996832
"75208","texas","harris",-1.22357833711305
"75223","tennessee","knox",-0.373424075780633
"75227",NA,"clark",0.085060458243289
"75238","utah","davis",-0.946705820303873
"75240","utah","utah",-1.39362604974128
"75289","north carolina","cabarrus",-0.112419765026269
"75302","michigan","marquette",-0.68315231120283
"75323","alabama","covington",-1.97279697561215
"75334","texas","kendall",0.37551896013712
"75351",NA,"bernalillo",0.98077282793087
"75353","texas","cameron",-2.45316060563239
"75370","georgia","coweta",-0.946990171309093
"75384","north carolina","alamance",-0.0784000132974157
"75391","tennessee","blount",-1.56376208035218
"75405","florida","orange",0.98964239424159
"75416","north carolina","wake",1.04167101810625
"75418","wisconsin","milwaukee",1.46836252769831
"75423","florida","palm beach",0.596433354315738
"75434","florida","duval",0.312347288058672
"75439",NA,"clallam",0.299959166495495
"75457","georgia","glynn",-0.550018302131762
"75464","virginia","henrico",1.12174144549294
"75499","florida","volusia",-0.257883129424392
"75513","oklahoma","tulsa",-0.315023189402353
"75526","virginia","chesterfield",0.404834001485487
"75534",NA,"silver bow",0.650916976802387
"75535","georgia","rockdale",1.49031681968678
"75539","ohio","licking",-0.711495551095622
"75544","florida","miami-dade",0.423573461775715
"75546",NA,"mason",-0.113892555979809
"75577","missouri","st charles",-0.758807282401834
"75593","north carolina","mecklenburg",1.27138690483605
"75594",NA,"pierce",0.458554997087625
"75603","florida","broward",1.13600772971814
"75615","florida","escambia",-0.354949929052384
"75629","wisconsin","kenosha",0.0898062031768783
"75630",NA,"spokane",0.0482404303164334
"75658","ohio","summit",0.526229713257748
"75686","illinois","henry",0.0988498969162835
"75693","missouri","clay",-1.11517290881786
"75701",NA,"canyon",-1.10134009892399
"75707","alabama","elmore",-1.34049507409034
"75725","alabama","baldwin",-1.27840197605224
"75730",NA,"de soto",-0.60119969034859
"75753","missouri","lincoln",-1.23757204275409
"75755","ohio","butler",-0.564425812459603
"75781","georgia","gwinnett",0.77329772400275
"75787","kentucky","fayette",-0.623540571695707
"75793","ohio","hamilton",0.438582753272596
"75817","maryland","baltimore",1.06545766446564
"75849",NA,"douglas",0.465612925576246
"75857","louisiana","east baton rouge",0.610464254886192
"75861","tennessee","sumner",-1.0482148033405
"75868","indiana","grant",-0.791658277253109
"75889","louisiana","jefferson",0.103649591249481
"75893","illinois","vermilion",-1.29638200992936
"75897","north carolina","pitt",0.493012708583347
"75910","georgia","cobb",0.649791606866274
"75951",NA,"lake",0.268585057890696
"75955",NA,"nez perce",-0.899082860774368
"75964","florida","marion",-0.857213721596221
"75972","minnesota","clay",-1.11517290881786
"76036","north carolina","caldwell",-1.49199285820987
"76069","wisconsin","outagamie",-0.128487769556023
"76091","illinois","kane",0.620502397719121
"76151","virginia","prince william",1.05838320475447
"76159",NA,"cass",0.0358760302277515
"76162","illinois","christian",-1.24418122255053
"76205","illinois","monroe",-0.720011788121404
"76220","illinois","will",0.45843982210055
"76231","georgia","whitfield",-1.11029849153067
"76253",NA,"pope",-1.45934877311477
"76266","north carolina","nash",0.19771957955728
"76293","massachusetts","barnstable",0.976182064698298
"76321","tennessee","putnam",-1.27907171146892
"76330","oklahoma","pottawatomie",-1.29640002639395
"76341","georgia","richmond",0.996254952994177
"76350","texas","jones",-0.765674845434894
"76361","tennessee","cheatham",-1.22091054179518
"76363","maryland","carroll",-0.927181726879771
"76364","florida","polk",-0.430259674255414
"76379","wisconsin","la crosse",0.624940507807141
"76382","louisiana","concordia",-0.667587579924203
"76383","illinois","lake",0.268585057890696
"76399","illinois","mclean",0.206663566144072
"76405","ohio","huron",-1.13210046243609
"76409","florida","pasco",-0.44921770817488
"76431","georgia","fulton",1.4732639747266
"76440","north carolina","chatham",0.728738937636539
"76445","tennessee","wilson",-0.56063998864942
"76448","florida","pinellas",0.197478780676275
"76455","louisiana","grant",-0.791658277253109
"76456",NA,"yellowstone",-0.587988272308432
"76460","indiana","lake",0.268585057890696
"76470","georgia","dougherty",1.46251940817818
"76473","maryland","montgomery",1.20989927974349
"76521",NA,"pike",-1.35609023822898
"76530","louisiana","vernon",-0.965342659741347
"76550","illinois","rock island",0.58126434765846
"76570","tennessee","hamilton",0.438582753272596
"76621","ohio","warren",-0.733567767749152
"76622","illinois","st clair",-0.13087849045312
"76628","south carolina","york",-0.0224262531821758
"76648","new york","warren",-0.733567767749152
"76692",NA,"snohomish",0.863752643595496
"76698","georgia","bulloch",-0.570296637690602
"76705","illinois","mercer",-1.58842300208505
"76717","minnesota","pope",-1.45934877311477
"76722","georgia","laurens",-0.707295030302863
"76724",NA,"ellis",-2.41235405667301
"76748","indiana","floyd",-1.08377496559653
"76755","ohio","lorain",0.112064086581022
"76764","indiana","hamilton",0.438582753272596
"76786","ohio","brown",-0.267687872472843
"76840","north carolina","lee",-0.468340895123922
"76889",NA,"johnson",-1.60381282454543
"76905",NA,"lamar",-1.5563522980076
"76921","colorado","douglas",0.465612925576246
"76936","tennessee","bradley",-1.52828921219728
"76944","illinois","piatt",-0.77133004180882
"76955","new york","erie",-0.180969222536426
"76961","indiana","clark",0.085060458243289
"76997","iowa","dallas",1.13841909243726
"76998","utah","salt lake",0.56961853335373
"77005","wisconsin","marinette",-0.914463201623874
"77007","new jersey","warren",-0.733567767749152
"77016","north carolina","moore",-0.756145091285
"77036","ohio","portage",-0.0487597164467237
"77037","north carolina","iredell",-0.845416366164772
"77052","alabama","montgomery",1.20989927974349
"77073","north carolina","new hanover",0.258817473784636
"77095","wisconsin","dodge",-0.866822330440136
"77116","missouri","marion",-0.857213721596221
"77117","iowa","scott",-2.05455070544124
"77170","texas","dallas",1.13841909243726
"77203","ohio","wood",-0.195235729197532
"77207","illinois","woodford",-1.11019540462187
"77226","ohio","champaign",0.535657207948256
"77243","pennsylvania","mercer",-1.58842300208505
"77304","michigan","ottawa",-0.848415103284121
"77319","ohio","williams",-1.59099769746468
"77353","oklahoma","noble",-1.73276097940795
"77375","ohio","union",-0.868195353782056
"77415","pennsylvania","wayne",-0.858129880537147
"77416",NA,"chelan",-0.064227843217952
"77418","virginia","franklin",0.726582514641166
"77431","florida","st lucie",0.140685810675063
"77490","north carolina","durham",2.18945149569548
"77543","tennessee","lincoln",-1.23757204275409
"77544",NA,"lancaster",0.0434678282448757
"77575","alabama","clarke",1.00485261769267
"77578",NA,"marshall",-1.75466480033207
"77634","maryland","anne arundel",0.662719945798678
"77635","wisconsin","walworth",-0.425850701308483
"77654","florida","columbia",-0.618049200217662
"77682","new jersey","gloucester",-0.952603740833777
"77685","alabama","butler",-0.564425812459603
"77703","florida","sumter",-0.660875298945263
"77705","pennsylvania","somerset",-0.283216673516952
"77850","texas","grayson",-1.7637054902154
"77868","alabama","st clair",-0.13087849045312
"77991","new jersey","camden",-0.901551888561106
"78089","louisiana","lincoln",-1.23757204275409
"78118","maryland","baltimore city",2.65745323397783
"78161","wisconsin","waukesha",-0.476969611821435
"78165","tennessee","dickson",-1.34244123656151
"78203","missouri","christian",-1.24418122255053
"78228",NA,"ada",0.0628034915701102
"78231","ohio","wayne",-0.858129880537147
"78252","illinois","macoupin",-0.988667719108773
"78263",NA,"bingham",-1.62476066371754
"78291","ohio","lake",0.268585057890696
"78363","oklahoma","muskogee",-0.901825149286383
"78370","louisiana","avoyelles",-1.11742341632943
"78373","ohio","montgomery",1.20989927974349
"78395","tennessee","williamson",-0.71922698237222
"78412","pennsylvania","westmoreland",-0.0721402964114771
"78424","virginia","arlington",2.24253121743662
"78439",NA,"madison",-0.349287965532091
"78450","indiana","adams",-1.26639231195415
"78459",NA,"benton",-0.625293066003716
"78466",NA,"butler",-0.564425812459603
"78469","oklahoma","seminole",0.214616571532135
"78502","north carolina","lincoln",-1.23757204275409
"78506","louisiana","lafayette",-0.743083995384938
"78541","kentucky","jefferson",0.103649591249481
"78549","north carolina","guilford",0.930824908076172
"78575","colorado","jefferson",0.103649591249481
"78600","oklahoma","cleveland",-0.473077718724614
"78623","maryland","charles",1.50620764902983
"78645","pennsylvania","butler",-0.564425812459603
"78682","ohio","greene",-0.747677127061704
"78689","georgia","muscogee",0.962815083407796
"78713","wisconsin","dane",1.87879409478455
"78757","alabama","mobile",-0.189687680677831
"78787","louisiana","caddo",0.267211046394725
"78806","minnesota","washington",-0.881088978059866
"78807","wisconsin","washington",-0.881088978059866
"78837","alabama","madison",-0.349287965532091
"78839",NA,"garland",-0.90915303262077
"78840","wisconsin","fond du lac",-0.65895060321336
"78873","missouri","boone",-0.877901766956246
"78888",NA,"windham",0.0528276849327417
"78896",NA,"franklin",0.726582514641166
"78908","indiana","madison",-0.349287965532091
"78991","wisconsin","oneida",-0.468446068216307
"79001","michigan","clinton",-1.47721201970997
"79008","virginia","norfolk",1.36212132625591
"79022","tennessee","white",-1.77408209735182
"79045","pennsylvania","monroe",-0.720011788121404
"79047","florida","osceola",0.630463251078434
"79055","pennsylvania","northampton",0.718572494664415
"79066","texas","ellis",-2.41235405667301
"79078","north carolina","onslow",-0.788001367576202
"79092","ohio","miami",-1.23187617331671
"79107","virginia","culpeper",-0.448869176372562
"79126","illinois","macon",-0.390951919527965
"79187","florida","sarasota",-0.14172649760386
"79193","ohio","delaware",-0.227851325917095
"79239",NA,"natrona",-1.37239312111358
"79259",NA,"carroll",-0.927181726879771
"79292","south carolina","florence",-1.27358515295648
"79299","pennsylvania","montgomery",1.20989927974349
"79316","wisconsin","sheboygan",-0.32198310634541
"79352",NA,"saline",-1.17644342687289
"79419","ohio","marion",-0.857213721596221
"79443","florida","manatee",-0.320269539297613
"79467",NA,"wilkinson",-0.201768877700047
"79551",NA,"grand forks",-0.243488655697502
"79569","kentucky","grant",-0.791658277253109
"79590","minnesota","douglas",0.465612925576246
"79593","virginia","albemarle",1.27072529358983
"79626","ohio","clermont",-0.985012843389324
"79641","pennsylvania","lawrence",-1.54006932333396
"79656","ohio","allen",-1.1634025395785
"79659",NA,"park",-0.972801236242254
"79673","maryland","harford",-0.200332687037245
"79677","texas","hidalgo",-0.291913548337117
"79713","iowa","polk",-0.430259674255414
"79747",NA,"cumberland",0.219806906320799
"79754","virginia","stafford",0.296110759805541
"79775","tennessee","hardin",-1.70544151631046
"79893","new york","clinton",-1.47721201970997
"79925","indiana","jasper",-1.62989275906966
"79967","tennessee","rutherford",-0.493466251607007
"79971","alabama","shelby",0.472382717329428
"80042","north carolina","randolph",-1.53948727760915
"80052","texas","montgomery",1.20989927974349
"80057","indiana","howard",1.55634778107765
"80087","north carolina","catawba",-0.994591062410246
"80114","missouri","lawrence",-1.54006932333396
"80116","connecticut","new london",0.706771774357947
"80119","georgia","floyd",-1.08377496559653
"80132","south carolina","pickens",-1.33840227126944
"80164","oklahoma","carter",-1.66752794844029
"80222",NA,"knox",-0.373424075780633
"80232","ohio","fulton",1.4732639747266
"80308","missouri","greene",-0.747677127061704
"80365","north carolina","surry",-1.2402602977487
"80382",NA,"buffalo",-0.619148772984789
"80403","wisconsin","racine",0.0601357763344113
"80513","florida","santa rosa",-1.30537577239817
"80602","georgia","houston",-0.601712020715067
"80623","illinois","adams",-1.26639231195415
"80638","tennessee","madison",-0.349287965532091
"80670","illinois","tazewell",-0.938425631111621
"80731","virginia","frederick",0.201117506350384
"80733","florida","lee",-0.468340895123922
"80748",NA,"lonoke",-1.53806216517296
"80759","ohio","mahoning",0.129684513981542
"80851","alabama","jefferson",0.103649591249481
"80884","minnesota","ramsey",-0.981971531797326
"80982","texas","smith",-1.69265322411379
"81005","north carolina","rockingham",-0.963390003105175
"81011","pennsylvania","northumberland",-0.312447758832809
"81043","illinois","sangamon",0.0496494749366318
"81114","north carolina","johnston",-0.635922405965725
"81312","georgia","catoosa",-1.60212048542707
"81354","texas","jefferson",0.103649591249481
"81386","florida","st johns",-0.659760147471895
"81399",NA,"morton",-1.4486671837256
"81415","illinois","knox",-0.373424075780633
"81451","minnesota","scott",-2.05455070544124
"81501","ohio","belmont",-1.20132598200598
"81511","virginia","southampton",-0.382500347364324
"81526","texas","johnson",-1.60381282454543
"81541","north carolina","cleveland",-0.473077718724614
"81565",NA,"whatcom",0.970635853873567
"81613","ohio","stark",-0.519499423159732
"81654","georgia","chatham",0.728738937636539
"81668","south carolina","dorchester",-0.194799998372024
"81673","virginia","pulaski",0.66816839064211
"81682",NA,"craighead",-0.957700409194393
"81736","colorado","adams",-1.26639231195415
"81812","illinois","champaign",0.535657207948256
"81910","texas","wise",-1.77375710315903
"81965","louisiana","st mary",-0.741883351659863
"82103",NA,"lee",-0.468340895123922
"82107","wisconsin","lincoln",-1.23757204275409
"82148","alabama","etowah",-1.4149873142509
"82202","indiana","washington",-0.881088978059866
"82223","new york","wayne",-0.858129880537147
"82259","north carolina","gaston",-0.697424437664904
"82357","north carolina","halifax",0.386259175277708
"82376","illinois","ogle",-0.647718009096107
"82430","georgia","liberty",0.487406019093342
"82444","north carolina","wilkes",-1.44246206142016
"82488","georgia","henry",0.0988498969162835
"82497","florida","brevard",-0.334858640912253
"82512","ohio","geauga",-0.547467841060622
"82605","new york","franklin",0.726582514641166
"82669","north carolina","harnett",-0.530476716942764
"82723",NA,"pulaski",0.66816839064211
"82738","florida","collier",-0.593645734726732
"82744","pennsylvania","adams",-1.26639231195415
"82747","north carolina","henderson",-0.638675415593934
"82753","florida","martin",-0.520484705929197
"82802","pennsylvania","erie",-0.180969222536426
"82853","florida","bradford",-1.48713050781446
"82862","indiana","white",-1.77408209735182
"82864","south carolina","sumter",-0.660875298945263
"82867","virginia","loudoun",0.995982127041788
"82891","pennsylvania","york",-0.0224262531821758
"82941","kentucky","pike",-1.35609023822898
"82980","illinois","clinton",-1.47721201970997
"83017","tennessee","cannon",-1.73138566658935
"83067","south carolina","richland",-1.04756940704235
"83188","maryland","frederick",0.201117506350384
"83218",NA,"orleans",2.38158542963304
"83303","illinois","la salle",-2.39110297820525
"83350","georgia","cherokee",-1.15184043829544
"83361","ohio","hocking",-1.16679787535846
"83447","wisconsin","winnebago",0.182531282726537
"83451",NA,"missoula",0.960418991733781
"83505",NA,"crawford",-1.32208394659498
"83522","tennessee","campbell",-1.71818739420858
"83541","iowa","benton",-0.625293066003716
"83560","south carolina","fairfield",0.820864406789408
"83564","north carolina","forsyth",0.0454470025339419
"83590","pennsylvania","franklin",0.726582514641166
"83606","louisiana","lafourche",-1.74054720217404
"83610","oklahoma","canadian",-1.21258870006704
"83629","pennsylvania","washington",-0.881088978059866
"83639","ohio","tuscarawas",-1.08850198380367
"83641","north carolina","rutherford",-0.493466251607007
"83649","tennessee","obion",-1.74376326260611
"83687",NA,"baxter",-1.53610382427378
"83701","oklahoma","wagoner",-1.42250039548774
"83704","louisiana","rapides",-0.839449060568816
"83741","tennessee","hardeman",-0.311152879298481
"83763","wisconsin","brown",-0.267687872472843
"83766","georgia","thomas",-0.428084002881118
"83793","missouri","platte",-1.79191969412076
"83813","illinois","hancock",-0.935524142705447
"83818","louisiana","sabine",-1.92529157017403
"83835","iowa","sioux",1.81266249126242
"83847","wisconsin","vernon",-0.965342659741347
"83855","ohio","richland",-1.04756940704235
"83857",NA,"lewis and clark",0.0626636556353298
"83862","georgia","bibb",0.640290583124411
"83880","indiana","monroe",-0.720011788121404
"83885","tennessee","montgomery",1.20989927974349
"84037",NA,"bonneville",-1.23705692689394
"84149","virginia","spotsylvania",-0.0280621696949926
"84165","tennessee","gibson",-1.3117999947719
"84215","texas","taylor",-1.30183134588131
"84284","missouri","franklin",0.726582514641166
"84297","north carolina","stanly",-1.4375909994432
"84303","louisiana","tangipahoa",-0.862573772421219
"84380","utah","washington",-0.881088978059866
"84413","illinois","mchenry",0.0763163249033932
"84459","ohio","muskingum",-1.06864008664891
"84539","south carolina","lancaster",0.0434678282448757
"84566","georgia","lowndes",0.0441994698502559
"84617","georgia","bartow",-1.43160229876205
"84627","illinois","jo daviess",-0.338360604536559
"84664","wisconsin","eau claire",0.538233906681603
"84711","illinois","logan",-1.4353286878298
"84774","south carolina","jasper",-1.62989275906966
"84808","tennessee","robertson",-1.31416241738647
"84817","wisconsin","jackson",-1.07612394424721
"84839","kentucky","warren",-0.733567767749152
"84851",NA,"dodge",-0.866822330440136
"84860","oklahoma","creek",-1.57546874910661
"84881","pennsylvania","cumberland",0.219806906320799
"84896","north carolina","wayne",-0.858129880537147
"84916","oklahoma","caddo",0.267211046394725
"84929","north carolina","craven",-0.40728938714967
"84940","georgia","paulding",-0.811387809713294
"84993",NA,"rolette",1.22419532091559
"85059","pennsylvania","delaware",-0.227851325917095
"85071",NA,"stark",-0.519499423159732
"85073",NA,"scott",-2.05455070544124
"85091",NA,"yakima",-0.0578929270150583
"85110","ohio","medina",-0.559101083362949
"85121","kentucky","nelson",-0.111599443920691
"85123","texas","lamar",-1.5563522980076
"85125","virginia","fauquier",-0.367225571343515
"85132","georgia","coffee",-1.37386043379657
"85155","illinois","whiteside",-0.0775299525401871
"85160","georgia","habersham",-1.85184177767462
"85194","louisiana","orleans",2.38158542963304
"85195","maryland","garrett",-1.6101597712887
"85222","florida","alachua",1.05916905215897
"85341","north carolina","union",-0.868195353782056
"85422",NA,"thurston",0.801093611155846
"85435",NA,"adams",-1.26639231195415
"85542","alabama","lee",-0.468340895123922
"85725","north carolina","vance",0.802630049135887
"85761","indiana","decatur",-0.813310960575248
"85831","north carolina","davidson",0.658666601659913
"85862",NA,"lawrence",-1.54006932333396
"85877","new york","oneida",-0.468446068216307
"85895","south carolina","beaufort",-0.63311475004662
"85909","florida","nassau",-1.2753001769182
"85931","virginia","hanover",-0.671164915669883
"86140","oklahoma","beckham",-2.11869239239426
"86172","north carolina","cumberland",0.219806906320799
"86231","south carolina","anderson",-0.843437430255537
"86281","kentucky","hardin",-1.70544151631046
"86324","michigan","berrien",-1.92330290190745
"86369","oklahoma","garvin",-1.86941548811574
"86390","louisiana","terrebonne",-1.41309420092983
"86430",NA,"teton",0.764900694316577
"86529","utah","weber",-0.823607599890695
"86589",NA,"custer",-1.46231503889068
"86598","iowa","buchanan",-1.95313392904253
"86599","missouri","cass",0.0358760302277515
"86650",NA,"marion",-0.857213721596221
"86668","indiana","harrison",-1.48912293567288
"86691","kentucky","franklin",0.726582514641166
"86844","virginia","campbell",-1.71818739420858
"86953","georgia","jackson",-1.07612394424721
"87004","georgia","columbia",-0.618049200217662
"87050",NA,"santa fe",1.91557283830511
"87061",NA,"san juan",-0.192657516727244
"87087","texas","wilson",-0.56063998864942
"87181","georgia","walton",-1.41636119225012
"87201","pennsylvania","chester",-1.75492448386659
"87219","missouri","jefferson",0.103649591249481
"87323","florida","charlotte",-0.651768017611219
"87582","georgia","appling",-1.61315531550142
"87654","missouri","polk",-0.430259674255414
"87661","south carolina","cherokee",-1.15184043829544
"87669","iowa","marshall",-1.75466480033207
"87726","iowa","clinton",-1.47721201970997
"87738","indiana","gibson",-1.3117999947719
"87811","ohio","erie",-0.180969222536426
"87900","new york","montgomery",1.20989927974349
"87904","illinois","coles",-0.661819911610944
"87954","illinois","winnebago",0.182531282726537
"88010","illinois","calhoun",-1.1019336409595
"88451","pennsylvania","crawford",-1.32208394659498
"88573","florida","citrus",-1.11551690557446
"88662","maryland","talbot",0.294043627842931
"88667","texas","orange",0.98964239424159
"88699","north carolina","scotland",0.128628855954604
"88707","kentucky","boone",-0.877901766956246
"88710","iowa","clayton",2.44909168996832
"88764","north carolina","pasquotank",0.200386431856647
"88787",NA,"dona ana",0.782535194465133
"88815","ohio","ross",-0.935958462502164
"88841","north carolina","buncombe",0.867495924909539
"88902","north carolina","haywood",-0.466475722777948
"88906","florida","hernando",-0.771225250764899
"89128","california","butte",-2.11143053728236
"89241","ohio","scioto",-1.15672076971578
"89336",NA,"mississippi",-0.538413162915858
"89352","missouri","adair",-1.70951863651672
"89427","texas","rusk",-0.921728517434212
"89459","oklahoma","rogers",-1.57767596577842
"89755","wisconsin","shawano",-0.947306703506903
"89772","maryland","howard",1.55634778107765
"89794","michigan","st clair",-0.13087849045312
"89914","georgia","baldwin",-1.27840197605224
"89915","oklahoma","garfield",-1.58984332924256
"90153",NA,"hall",-1.19408873200251
"90355","missouri","miller",-1.3044914433842
"90368","georgia","miller",-1.3044914433842
"90704","virginia","henry",0.0988498969162835
"90726","missouri","warren",-0.733567767749152
"90842","north carolina","brunswick",-0.503446026634708
"90875","tennessee","cumberland",0.219806906320799
"90902","indiana","scott",-2.05455070544124
"90927","kentucky","pulaski",0.66816839064211
"90929","new york","delaware",-0.227851325917095
"91027","ohio","crawford",-1.32208394659498
"91079",NA,"whitman",0.520263178567059
"91143",NA,"kittitas",-0.141374532138094
"91192","north carolina","mcdowell",-1.34470628754776
"91198",NA,"stutsman",-1.21858257056365
"91205","wisconsin","st croix",-0.322814843689262
"91252","wisconsin","iowa",0.631198890505037
"91260",NA,"sandoval",0.461120340745491
"91327","colorado","lincoln",-1.23757204275409
"91329",NA,"twin falls",-1.28552516930121
"91353",NA,"putnam",-1.27907171146892
"91374","alabama","cullman",-2.28168022956872
"91401","new york","jefferson",0.103649591249481
"91481","new york","fulton",1.4732639747266
"91822","texas","robertson",-1.31416241738647
"91904","virginia","king george",-0.502637817724018
"91923","illinois","peoria",0.395777553806346
"91942","virginia","amherst",-0.823249260713504
"91998",NA,"jefferson",0.103649591249481
"92093","oklahoma","ottawa",-0.848415103284121
"92309","virginia","gloucester",-0.952603740833777
"92611","illinois","randolph",-1.53948727760915
"92876","north carolina","pender",-0.76832124728144
"92878","florida","bay",-1.20243828094068
"92925","kentucky","campbell",-1.71818739420858
"92933","illinois","crawford",-1.32208394659498
"93073","florida","putnam",-1.27907171146892
"93087",NA,"howard",1.55634778107765
"93161","wisconsin","portage",-0.0487597164467237
"93289","tennessee","haywood",-0.466475722777948
"93343","tennessee","anderson",-0.843437430255537
"93368","florida","leon",1.09174087380747
"93469","illinois","madison",-0.349287965532091
"93704","indiana","shelby",0.472382717329428
"93756","wisconsin","calumet",-0.439168416525429
"93771","minnesota","marshall",-1.75466480033207
"93832","missouri","jasper",-1.62989275906966
"93855","georgia","troup",-0.506577618331583
"93920","ohio","adams",-1.26639231195415
"93974","texas","madison",-0.349287965532091
"94007","virginia","rockingham",-0.963390003105175
"94140","colorado","logan",-1.4353286878298
"94151","florida","okeechobee",-1.21817355665501
"94166","oklahoma","pittsburg",-1.61535316726892
"94281",NA,"skagit",0.434344301370078
"94341","alabama","marshall",-1.75466480033207
"94552","virginia","bedford",-1.38887027233745
"94625",NA,"ramsey",-0.981971531797326
"94635","iowa","adair",-1.70951863651672
"94637","virginia","augusta",-1.31871394694534
"94745","iowa","floyd",-1.08377496559653
"94825","oklahoma","comanche",-0.461394425581424
"94858","pennsylvania","carbon",-1.23677366474284
"94913","ohio","guernsey",-1.35885903774844
"95126","north carolina","franklin",0.726582514641166
"95337","ohio","knox",-0.373424075780633
"95375",NA,"kootenai",-1.20445697018813
"96043","georgia","dawson",-1.90889095770315
"96332","virginia","prince george",-0.359758506377565
"96871","indiana","johnson",-1.60381282454543
"96881","oklahoma","pontotoc",-1.22382559424378
"96914",NA,"winston",-2.41463797616359
"96925","virginia","roanoke",-0.511195336481758
"96937","virginia","wythe",-1.63163569566809
"97009","north carolina","cherokee",-1.15184043829544
"97130","louisiana","ascension",-0.85756397105403
"97247","illinois","lee",-0.468340895123922
"97258","south carolina","oconee",-0.884413099573267
"97341","alabama","tuscaloosa",-0.283599868191729
"97423","missouri","livingston",-1.88413901966591
"97424","ohio","clark",0.085060458243289
"97437","new york","seneca",-0.907354631565028
"97457","oklahoma","payne",-0.568743639844474
"97590","tennessee","hamblen",-1.53725756777312
"97609","missouri","camden",-0.901551888561106
"97629","georgia","gordon",-1.80198228718676
"97714",NA,"colfax",-0.163648469165855
"97779",NA,"chaves",-1.13987793968519
"97830","georgia","carroll",-0.927181726879771
"97957","virginia","greensville",0.685844230642227
"98000","georgia","dade",-1.87887048185801
"98127","ohio","hancock",-0.935524142705447
"98231","louisiana","st tammany",-1.23145647818627
"98268","georgia","colquitt",-1.30980161624656
"98270",NA,"jackson",-1.07612394424721
"98431","pennsylvania","greene",-0.747677127061704
"98766","maryland","cecil",-0.671305066616648
"98776","florida","indian river",-0.495636306266023
"98917","georgia","camden",-0.901551888561106
"98966","indiana","noble",-1.73276097940795
"99024","wisconsin","rock",0.548886221896993
"99158","iowa","johnson",-1.60381282454543
"99285","ohio","madison",-0.349287965532091
"99353","kentucky","scott",-2.05455070544124
"99383","illinois","washington",-0.881088978059866
"99507",NA,"flathead",-0.781436180751791
"99512",NA,"stillwater",-1.66642523074483
"99586","ohio","auglaize",-1.81163258749037
"99768","michigan","van buren",-1.68217080328671
"99811","illinois","mcdonough",-0.343847415449929
"99847",NA,"sussex",0.57060227884422
"100058","maryland","wicomico",0.127997020474123
"100489","north carolina","lenoir",0.0801721741064216
"100598","florida","lake",0.268585057890696
"100633","florida","highlands",-0.901865743801838
"100746",NA,"lewis",-1.00377159344469
"100847","texas","comanche",-0.461394425581424
"101204","alabama","morgan",-1.35697961378755
"101317","wisconsin","oconto",-1.1177668739095
"101560","georgia","worth",-1.32656947294653
"101625","virginia","montgomery",1.20989927974349
"101933","oklahoma","le flore",-1.84033985252568
"102372","oklahoma","grady",-1.49533320986233
"102616","louisiana","la salle",-2.39110297820525
"102634","indiana","wayne",-0.858129880537147
"102791","wisconsin","green lake",-0.957440533334128
"103155","north carolina","robeson",-0.401639901741366
"103218",NA,"white",-1.77408209735182
"103265","new york","sullivan",-1.4745245903723
"103392","louisiana","de soto",-0.60119969034859
"103451","georgia","crisp",-0.601505398315636
"103748","georgia","evans",-0.981248818507763
"108030","michigan","cass",0.0358760302277515
"108493","indiana","wabash",-1.52464796187023
"110458","indiana","fulton",1.4732639747266
"111612",NA,"orange",0.98964239424159
"128098","indiana","marshall",-1.75466480033207
"129401","indiana","cass",0.0358760302277515
"132349","massachusetts","nantucket",1.657623714292
"133623","indiana","wells",-1.77038744840916
"134478","indiana","miami",-1.23187617331671
"137803","ohio","mercer",-1.58842300208505
"140719","ohio","henry",0.0988498969162835
"144334","indiana","delaware",-0.227851325917095
"148332","new york","essex",1.1134726830907
"150974","ohio","seneca",-0.907354631565028
"153383","indiana","tipton",-1.36142471826447
"153457",NA,"somerset",-0.283216673516952
"154296","ohio","van wert",-1.64981990508702
"155151","indiana","pulaski",0.66816839064211
"156574","indiana","boone",-0.877901766956246
"157338","indiana","clinton",-1.47721201970997
"160090",NA,"hancock",-0.935524142705447
"161090","indiana","hancock",-0.935524142705447
"163389","indiana","newton",0.379079805082957
"164550","indiana","jackson",-1.07612394424721
"165976","indiana","montgomery",1.20989927974349
"166772","indiana","clay",-1.11517290881786
"167818","illinois","livingston",-1.88413901966591
"169787","indiana","benton",-0.625293066003716
"172088","illinois","iroquois",-1.63369286637058
"175263","illinois","edgar",-1.49116023622825
"176516","indiana","putnam",-1.27907171146892
"176517","new jersey","cumberland",0.219806906320799
"179444","illinois","kankakee",-0.343712144228962
"180918","pennsylvania","columbia",-0.618049200217662
"182662","pennsylvania","union",-0.868195353782056
"186226","illinois","ford",-1.33764650516675
"192171","indiana","carroll",-0.927181726879771
"200344","illinois","douglas",0.465612925576246
"213084","indiana","morgan",-1.35697961378755
"222018","maryland","calvert",0.00878415796320173
"223915","maryland","caroline",-0.399712141731879
"237553","illinois","moultrie",-1.38204437561738
"252827","illinois","kendall",0.37551896013712
"256539","new york","madison",-0.349287965532091
"261508","new york","lewis",-1.00377159344469
"272666","new york","livingston",-1.88413901966591
"275803","new york","schuyler",-1.21024966515851
"278772","new york","orleans",2.38158542963304
"278911","new york","allegany",-1.04132962769288
"288588","pennsylvania","clinton",-1.47721201970997
"290998","illinois","menard",-1.08457847473105
"293829","pennsylvania","warren",-0.733567767749152
"298722","ohio","ashtabula",-0.565438697855135
"298742","pennsylvania","jefferson",0.103649591249481
"301477","ohio","trumbull",-0.147399920790559
"309116","louisiana","pointe coupee",-0.539789575140698
"309137","illinois","grundy",-0.867775088152442
"310844","pennsylvania","beaver",-2.302402803015
"312487","ohio","columbiana",-1.24743296824472
"318362","illinois","stephenson",-0.316478308498957
"320470","ohio","carroll",-0.927181726879771
"322121","pennsylvania","fayette",-0.623540571695707
"330117","alabama","monroe",-0.720011788121404
"332296","ohio","harrison",-1.48912293567288
"337279","ohio","holmes",-2.12002412692317
"339948",NA,"taylor",-1.30183134588131
"363870","pennsylvania","bedford",-1.38887027233745
"363927","maryland","allegany",-1.04132962769288
"364569","ohio","washington",-0.881088978059866
"364617",NA,"wood",-0.195235729197532
"364846",NA,"barbour",-0.053245354155177
"371035","colorado","garfield",-1.58984332924256
"371264",NA,"randolph",-1.53948727760915
"372674","maryland","washington",-0.881088978059866
"372989","pennsylvania","fulton",1.4732639747266
"376883","ohio","perry",-1.01433081086854
"377013","ohio","athens",0.6717015756704
"378429","ohio","meigs",-1.60848663670036
"379169","virginia","shenandoah",-1.11337603614062
"383679","virginia","warren",-0.733567767749152
"387119","virginia","page",-1.42866638053213
"392674","pennsylvania","perry",-1.01433081086854
"428120","illinois","bureau",-0.500894982343847
"445295","maryland","dorchester",-0.194799998372024
"447829","virginia","new kent",-0.918802542744984
"448639","virginia","king william",-1.0204476756172
"452917","virginia","orange",0.98964239424159
"453229","virginia","goochland",-0.431345949971249
"453301","virginia","greene",-0.747677127061704
"454219","virginia","madison",-0.349287965532091
"456985","virginia","caroline",-0.399712141731879
"459132","virginia","buckingham",-0.2320168391151
"459240","virginia","york",-0.0224262531821758
"463180","virginia","suffolk",2.22195228369307
"464119","ohio","jefferson",0.103649591249481
"468231","virginia","james city",0.345888157863691
"470504","virginia","powhatan",-1.23216026285568
"471684","maryland","worcester",0.687057058765531
"473524","virginia","appomattox",-1.29179100871863
"473530","virginia","prince edward",0.371202218765403
"474932","wisconsin","jefferson",0.103649591249481
"475248","virginia","rockbridge",-0.846871783489098
"476388","virginia","botetourt",-1.23549870336092
"477371","virginia","alleghany",-1.29775179412195
"477765","virginia","pittsylvania",-1.0800931816792
"479049","virginia","halifax",0.386259175277708
"479304","virginia","mecklenburg",1.27138690483605
"481298","north carolina","granville",-0.0200736747533138
"483705","virginia","nottoway",-0.285741154961132
"484702","north carolina","person",-0.497395935526995
"485164","virginia","giles",-1.40854304807902
"485566","north carolina","currituck",-1.29492241633827
"490016","north carolina","bertie",0.876723445849182
"490234","north carolina","chowan",-0.310006170976339
"490258","north carolina","washington",-0.881088978059866
"490707","north carolina","beaufort",-0.63311475004662
"491745","north carolina","greene",-0.747677127061704
"491891","north carolina","wilson",-0.56063998864942
"493093","north carolina","martin",-0.520484705929197
"501569","louisiana","bossier",-1.12562639987784
"502017","minnesota","houston",-0.601712020715067
"503942","georgia","murray",-1.92644339721958
"504283","north carolina","orange",0.98964239424159
"509946",NA,"dawson",-1.90889095770315
"517795","illinois","fayette",-0.623540571695707
"519317","kentucky","henderson",-0.638675415593934
"519802","illinois","shelby",0.472382717329428
"521414","oklahoma","washington",-0.881088978059866
"521418","indiana","sullivan",-1.4745245903723
"521765","illinois","effingham",-1.51577880705722
"522239","illinois","de witt",-1.19750829211197
"524770",NA,"mercer",-1.58842300208505
"533642","virginia","floyd",-1.08377496559653
"536488","virginia","grayson",-1.7637054902154
"537258","north carolina","yadkin",-1.7592763585812
"538948","michigan","bay",-1.20243828094068
"539679","north carolina","davie",-1.2663988806612
"539685","north carolina","stokes",-1.65308493086186
"540736",NA,"fayette",-0.623540571695707
"540743","north carolina","alleghany",-1.29775179412195
"540749","virginia","tazewell",-0.938425631111621
"542004","michigan","huron",-1.13210046243609
"544994","north carolina","ashe",-1.28210344556747
"546125","north carolina","rowan",-0.950542799591681
"546274","north carolina","montgomery",1.20989927974349
"549349","north carolina","watauga",0.457343532465885
"549876","north carolina","burke",-0.879645071002731
"551399","tennessee","carter",-1.66752794844029
"551830","virginia","washington",-0.881088978059866
"552263","virginia","russell",-0.465769819680405
"560351","north carolina","carteret",-1.15314455209138
"561166",NA,"logan",-1.4353286878298
"561872","ohio","fayette",-0.623540571695707
"562051",NA,"boone",-0.877901766956246
"562096","virginia","carroll",-0.927181726879771
"563764","virginia","charlotte",-0.651768017611219
"566234","virginia","wise",-1.77375710315903
"567881","kentucky","floyd",-1.08377496559653
"569401","tennessee","claiborne",-1.35255344569308
"569538","tennessee","sevier",-1.77416098325693
"569887","north carolina","transylvania",-0.311185761780828
"569970","kentucky","johnson",-1.60381282454543
"571555","tennessee","unicoi",-1.72417900815253
"572674","tennessee","jefferson",0.103649591249481
"574023","tennessee","hawkins",-1.91274947452153
"580968","north carolina","yancey",-0.887671843903814
"581572","kentucky","madison",-0.349287965532091
"581926","kentucky","rowan",-0.950542799591681
"583927",NA,"wayne",-0.858129880537147
"585178","kentucky","powell",-1.4375534450731
"587055","tennessee","greene",-0.747677127061704
"588147","tennessee","roane",-1.45601357869088
"589590","north carolina","jackson",-1.07612394424721
"590365","tennessee","loudon",-1.4351181450817
"591956","tennessee","morgan",-1.35697961378755
"592550","tennessee","monroe",-0.720011788121404
"592858","kentucky","adair",-1.70951863651672
"597655","michigan","crawford",-1.32208394659498
"597742",NA,"roane",-1.45601357869088
"598542","virginia","rappahannock",-0.26991382252039
"598861",NA,"mineral",-1.24294362670621
"599478","ohio","gallia",-1.58109486500428
"600358","ohio","pike",-1.35609023822898
"601383","ohio","jackson",-1.07612394424721
"602334","ohio","noble",-1.73276097940795
"602558","ohio","pickaway",-1.31268788594992
"602785","ohio","fairfield",0.820864406789408
"604930","ohio","highland",-1.69716707624901
"605018","kentucky","mason",-0.113892555979809
"610620","michigan","mason",-0.113892555979809
"619695","ohio","clinton",-1.47721201970997
"622094","michigan","osceola",0.630463251078434
"622977","michigan","chippewa",-0.465161555953741
"627187","kentucky","clark",0.085060458243289
"629994",NA,"morgan",-1.35697961378755
"633713","south carolina","chester",-1.75492448386659
"634413","north carolina","richmond",0.996254952994177
"635521","north carolina","hoke",0.539387336130182
"639612","south carolina","union",-0.868195353782056
"644794","north carolina","columbus",-0.696480968195566
"645335","north carolina","duplin",-0.512560530145429
"649616","wisconsin","door",0.236949409213777
"650885","wisconsin","manitowoc",-0.554800682038866
"652334","wisconsin","kewaunee",-0.856968234600795
"657200","north carolina","sampson",-0.526244984993571
"657303","north carolina","jones",-0.765674845434894
"659938","wisconsin","ozaukee",-0.195733252852342
"661167","virginia","isle of wight",-0.397898494029224
"664163","south carolina","laurens",-0.707295030302863
"667920","north carolina","macon",-0.390951919527965
"670453","georgia","stephens",-1.81765563343413
"671393","georgia","franklin",0.726582514641166
"672923","south carolina","marion",-0.857213721596221
"673929","south carolina","chesterfield",0.404834001485487
"675610","georgia","union",-0.868195353782056
"675711","georgia","banks",-2.29101440784741
"677298","georgia","clarke",1.00485261769267
"683713","tennessee","mcminn",-1.74500593942385
"687329","georgia","pickens",-1.33840227126944
"687473","michigan","menominee",2.23611276624337
"688533","georgia","fannin",-1.86422853320278
"688995","tennessee","rhea",-1.85086621552085
"689944","georgia","gilmer",-1.8340422203963
"693312","georgia","barrow",-1.1943961916651
"696787","georgia","white",-1.77408209735182
"699973","georgia","oconee",-0.884413099573267
"705977","georgia","lincoln",-1.23757204275409
"718887","wisconsin","florence",-1.27358515295648
"720963","wisconsin","waupaca",-0.828057935202117
"721332","wisconsin","langlade",-0.846516049241929
"726823","wisconsin","vilas",-0.508338132875233
"727702","georgia","polk",-0.430259674255414
"728365","georgia","douglas",0.465612925576246
"731468","wisconsin","forest",-0.795413011935424
"736023",NA,"platte",-1.79191969412076
"739426","tennessee","warren",-0.733567767749152
"739607","tennessee","marion",-0.857213721596221
"739860","georgia","mcduffie",-0.420400734653573
"740099","georgia","burke",-0.879645071002731
"740434","georgia","jefferson",0.103649591249481
"743091","georgia","emanuel",-1.03596057369693
"744504","georgia","candler",-1.14571925670929
"745868","wisconsin","price",-0.694118194557484
"745907","georgia","bryan",-1.23239799584178
"748881","wisconsin","sawyer",-0.237405699360245
"749335","wisconsin","bayfield",0.638913018838946
"750154","wisconsin","douglas",0.465612925576246
"750866","georgia","effingham",-1.51577880705722
"751273","wisconsin","washburn",-0.572687348770865
"751332","minnesota","lake",0.268585057890696
"751344","wisconsin","taylor",-1.30183134588131
"752315","georgia","greene",-0.747677127061704
"752580","north carolina","polk",-0.430259674255414
"754766","tennessee","franklin",0.726582514641166
"754842","georgia","toombs",-1.24937538888609
"755227","georgia","morgan",-1.35697961378755
"756569","iowa","carroll",-0.927181726879771
"757434","georgia","newton",0.379079805082957
"757792","georgia","butts",-1.19601494406181
"760322","georgia","wayne",-0.858129880537147
"760744","iowa","jasper",-1.62989275906966
"761838","iowa","webster",-0.748118951838508
"762433","iowa","greene",-0.747677127061704
"762512","georgia","mcintosh",-1.05989648326329
"762983","georgia","pierce",0.458554997087625
"763371","iowa","warren",-0.733567767749152
"763649","georgia","spalding",-0.472898842669271
"763804","georgia","peach",0.0425692649491303
"764258","iowa","marion",-0.857213721596221
"765929","georgia","fayette",-0.623540571695707
"766662","alabama","calhoun",-1.1019336409595
"768211","alabama","cleburne",-2.102042588485
"769260","iowa","montgomery",1.20989927974349
"771996","iowa","boone",-0.877901766956246
"772103","iowa","washington",-0.881088978059866
"773927","iowa","monroe",-0.720011788121404
"777210","alabama","jackson",-1.07612394424721
"777280","iowa","calhoun",-1.1019336409595
"778262","georgia","dooly",-0.00186256221810396
"778661","alabama","blount",-1.56376208035218
"780230","tennessee","coffee",-1.37386043379657
"781153","alabama","tallapoosa",-1.1892191799351
"782049","alabama","talladega",-0.621073535814992
"782840","alabama","lauderdale",-1.14902022354868
"784616","alabama","colbert",-1.05360030681492
"792290","iowa","hardin",-1.70544151631046
"794287","missouri","grundy",-0.867775088152442
"794800","iowa","butler",-0.564425812459603
"795711","iowa","jefferson",0.103649591249481
"796547","alabama","limestone",-1.17906643864179
"796935","missouri","harrison",-1.48912293567288
"797918","georgia","sumter",-0.660875298945263
"798393","georgia","turner",-0.597808710027149
"799077","alabama","pike",-1.35609023822898
"799414","iowa","hamilton",0.438582753272596
"799830","georgia","tift",-0.879671647624971
"800330","georgia","ben hill",-0.643327914474349
"800662","georgia","charlton",-1.42566080395625
"801225","georgia","cook",1.7946227838297
"801497","iowa","union",-0.868195353782056
"801502","georgia","pulaski",0.66816839064211
"801919","georgia","ware",-1.07703527769164
"802036","georgia","berrien",-1.92330290190745
"804758","iowa","cass",0.0358760302277515
"804784","georgia","monroe",-0.720011788121404
"806045","georgia","lee",-0.468340895123922
"806282","iowa","madison",-0.349287965532091
"807100","georgia","brantley",-2.39134112415669
"807528","iowa","franklin",0.726582514641166
"807773","georgia","upson",-0.895217203386588
"808432","tennessee","bedford",-1.38887027233745
"808669","tennessee","overton",-1.6756774397637
"811600","tennessee","giles",-1.40854304807902
"811810","alabama","cherokee",-1.15184043829544
"812275","tennessee","maury",-0.98187422844743
"814381","iowa","iowa",0.631198890505037
"814892","georgia","grady",-1.49533320986233
"815021","georgia","talbot",0.294043627842931
"815173","georgia","mitchell",-0.896785261564456
"818231","georgia","decatur",-0.813310960575248
"818915","alabama","henry",0.0988498969162835
"819204","georgia","early",0.0160927888130098
"819959","alabama","barbour",-0.053245354155177
"821751","florida","hamilton",0.438582753272596
"824867","iowa","shelby",0.472382717329428
"826784","florida","clay",-1.11517290881786
"828006","iowa","harrison",-1.48912293567288
"828986","iowa","page",-1.42866638053213
"834713","florida","suwannee",-1.61040165787112
"838431","florida","baker",-1.86994533840603
"840947","iowa","cherokee",-1.15184043829544
"843202","florida","gilchrist",-1.84685960233974
"844597","florida","flagler",-0.469083918938026
"845256","florida","taylor",-1.30183134588131
"845305","florida","gadsden",1.35112770318538
"846762","florida","levy",-1.25902760960848
"847266","florida","jackson",-1.07612394424721
"850254","alabama","houston",-0.601712020715067
"850689","alabama","dale",-1.28949240585461
"851591","alabama","coffee",-1.37386043379657
"852879","georgia","haralson",-2.16422995136578
"853266","alabama","autauga",-1.23315494818426
"853601","alabama","chilton",-1.95270767839696
"853770","florida","holmes",-2.12002412692317
"884143","wisconsin","barron",-0.643849609251692
"886792","iowa","hancock",-0.935524142705447
"888295","iowa","howard",1.55634778107765
"889890","iowa","jones",-0.765674845434894
"898202","iowa","fayette",-0.623540571695707
"898675","iowa","delaware",-0.227851325917095
"900352","iowa","winnebago",0.182531282726537
"910227","minnesota","martin",-0.520484705929197
"910733","iowa","clay",-1.11517290881786
"914048","missouri","randolph",-1.53948727760915
"914414","missouri","clinton",-1.47721201970997
"914449","missouri","buchanan",-1.95313392904253
"915275","missouri","knox",-0.373424075780633
"917103","missouri","caldwell",-1.49199285820987
"935670","iowa","plymouth",0.751190731175137
"935806",NA,"union",-0.868195353782056
"942764","iowa","henry",0.0988498969162835
"945129","iowa","lee",-0.468340895123922
"946101","florida","okaloosa",-1.06985246842628
"954362","alabama","escambia",-0.354949929052384
"954563","minnesota","steele",-0.595415882170027
"955258","minnesota","jackson",-1.07612394424721
"958711","illinois","warren",-0.733567767749152
"959267","iowa","jackson",-1.07612394424721
"964494","alabama","washington",-0.881088978059866
"965932",NA,"stone",-1.68017318039848
"973038","florida","de soto",-0.60119969034859
"973287","minnesota","dodge",-0.866822330440136
"974109","wisconsin","grant",-0.791658277253109
"982382","florida","hendry",-0.541464469801394
"988220","minnesota","brown",-0.267687872472843
"988583","iowa","osceola",0.630463251078434
"1008368","wisconsin","trempealeau",-0.341403769227646
"1009571","wisconsin","pierce",0.458554997087625
"1031362","wisconsin","buffalo",-0.619148772984789
"1031464","wisconsin","monroe",-0.720011788121404
"1053498",NA,"clay",-1.11517290881786
"1055831","minnesota","rock",0.548886221896993
"1060256","florida","hardee",-1.24262999517078
"1062414","minnesota","renville",-1.88453094131288
"1066767",NA,"monroe",-0.720011788121404
"1067056","alabama","fayette",-0.623540571695707
"1067668","alabama","marengo",0.232648768887047
"1068380","alabama","walker",-1.84563299894416
"1069105","alabama","lamar",-1.5563522980076
"1069270",NA,"lowndes",0.0441994698502559
"1071650","alabama","dallas",1.13841909243726
"1072012","alabama","marion",-0.857213721596221
"1074851","alabama","franklin",0.726582514641166
"1076695","wisconsin","lafayette",-0.743083995384938
"1077874","georgia","chattooga",-1.78528406559593
"1079119","tennessee","marshall",-1.75466480033207
"1079777","tennessee","lawrence",-1.54006932333396
"1081178",NA,"lauderdale",-1.14902022354868
"1081234","illinois","carroll",-0.927181726879771
"1082370","wisconsin","sauk",0.244914658588671
"1082716","wisconsin","richland",-1.04756940704235
"1083891","wisconsin","green",0.292783298966825
"1084082",NA,"jasper",-1.62989275906966
"1084150",NA,"jones",-0.765674845434894
"1084639",NA,"montgomery",1.20989927974349
"1084759",NA,"clarke",1.00485261769267
"1084884",NA,"lafayette",-0.743083995384938
"1085122","tennessee","mcnairy",-1.85389890652729
"1085609","tennessee","chester",-1.75492448386659
"1085839","tennessee","henderson",-0.638675415593934
"1087236","tennessee","fayette",-0.623540571695707
"1097688","tennessee","benton",-0.625293066003716
"1099349",NA,"turner",-0.597808710027149
"1100794","tennessee","carroll",-0.927181726879771
"1100973","tennessee","crockett",-1.52459765344406
"1101679","tennessee","henry",0.0988498969162835
"1105181","tennessee","smith",-1.69265322411379
"1108614",NA,"covington",-1.97279697561215
"1110319","tennessee","macon",-0.390951919527965
"1110333","tennessee","weakley",-1.54439304190939
"1110452","illinois","massac",-1.34550516375349
"1110538","kentucky","logan",-1.4353286878298
"1110580","kentucky","caldwell",-1.49199285820987
"1110805","kentucky","butler",-0.564425812459603
"1110958","kentucky","christian",-1.24418122255053
"1111380","kentucky","marshall",-1.75466480033207
"1111601","kentucky","livingston",-1.88413901966591
"1113814","kentucky","allen",-1.1634025395785
"1114644","wisconsin","columbia",-0.618049200217662
"1114996","wisconsin","adams",-1.26639231195415
"1115295","kentucky","mclean",0.206663566144072
"1116300","kentucky","grayson",-1.7637054902154
"1117209","wisconsin","juneau",-0.745568428399876
"1117615","kentucky","taylor",-1.30183134588131
"1119414","kentucky","marion",-0.857213721596221
"1120127","tennessee","dyer",-1.6297601403812
"1120997","illinois","williamson",-0.71922698237222
"1121517","illinois","union",-0.868195353782056
"1122869","tennessee","tipton",-1.36142471826447
"1122940","tennessee","lauderdale",-1.14902022354868
"1123236","kentucky","mercer",-1.58842300208505
"1124189",NA,"poinsett",-1.74098412691533
"1125412",NA,"crittenden",0.425561140344287
"1128772",NA,"greene",-0.747677127061704
"1128988",NA,"arkansas",-1.09091841246206
"1129068",NA,"independence",-1.70515513009304
"1132249",NA,"cross",-1.30039004459358
"1134769",NA,"prairie",-1.78425934211699
"1139673","tennessee","cocke",-1.87717683330297
"1141277","missouri","butler",-0.564425812459603
"1141795","illinois","johnson",-1.60381282454543
"1142731","missouri","perry",-1.01433081086854
"1142732","illinois","jackson",-1.07612394424721
"1142979","missouri","madison",-0.349287965532091
"1144335","illinois","franklin",0.726582514641166
"1145094",NA,"faulkner",-0.770773753811129
"1147893",NA,"drew",-0.705208804577174
"1148999",NA,"dallas",1.13841909243726
"1149019",NA,"warren",-0.733567767749152
"1150246","louisiana","ouachita",-0.528237974546653
"1150820","louisiana","franklin",0.726582514641166
"1151272","louisiana","richland",-1.04756940704235
"1152040","illinois","boone",-0.877901766956246
"1152382","louisiana","union",-0.868195353782056
"1153799","louisiana","morehouse",-0.240373415526091
"1156378",NA,"desha",0.266545569879612
"1157383","illinois","putnam",-1.27907171146892
"1159236","illinois","stark",-0.519499423159732
"1159970","louisiana","washington",-0.881088978059866
"1160775","louisiana","livingston",-1.88413901966591
"1169554","louisiana","west feliciana",-0.611114073733894
"1169670","illinois","fulton",1.4732639747266
"1173462","louisiana","iberville",0.309836247831647
"1173828","louisiana","jackson",-1.07612394424721
"1175165","louisiana","st martin",-0.966005076261299
"1175707","louisiana","allen",-1.1634025395785
"1176242","louisiana","st landry",-0.260918004952517
"1178439","louisiana","iberia",-0.809054213665883
"1178763","louisiana","acadia",-1.73991211384423
"1182308","louisiana","st bernard",-0.725072157982063
"1182744","wisconsin","clark",0.085060458243289
"1187727","wisconsin","chippewa",-0.465161555953741
"1190310","louisiana","st john the baptist",1.09339397972784
"1191618","wisconsin","wood",-0.195235729197532
"1192885","louisiana","st james",0.331162732991021
"1193554","louisiana","assumption",-0.786556074092567
"1193558","louisiana","vermilion",-1.29638200992936
"1194528","kentucky","anderson",-0.843437430255537
"1194664","kentucky","shelby",0.472382717329428
"1196212","indiana","jefferson",0.103649591249481
"1196594","illinois","schuyler",-1.21024966515851
"1198263","indiana","lawrence",-1.54006932333396
"1199298","indiana","orange",0.98964239424159
"1207346","iowa","louisa",-0.54491699287282
"1207711","illinois","pike",-1.35609023822898
"1209389","missouri","pike",-1.35609023822898
"1209589","illinois","mason",-0.113892555979809
"1210925","illinois","morgan",-1.35697961378755
"1211653","kentucky","carroll",-0.927181726879771
"1239693","wisconsin","waushara",-0.899051325818633
"1241325","ohio","preble",-1.64708988911022
"1254149","indiana","knox",-0.373424075780633
"1265493","illinois","wabash",-1.52464796187023
"1266320","indiana","greene",-0.747677127061704
"1266886","illinois","white",-1.77408209735182
"1267345","indiana","henry",0.0988498969162835
"1269528","ohio","shelby",0.472382717329428
"1269836","ohio","darke",-1.84822632165975
"1272940","ohio","logan",-1.4353286878298
"1273124","indiana","randolph",-1.53948727760915
"1275276","illinois","perry",-1.01433081086854
"1275466","illinois","wayne",-0.858129880537147
"1275557","illinois","jefferson",0.103649591249481
"1276749","illinois","saline",-1.17644342687289
"1276828","illinois","marion",-0.857213721596221
"1279680","ohio","hardin",-1.70544151631046
"1281321","ohio","ottawa",-0.848415103284121
"1281782","ohio","putnam",-1.27907171146892
"1281812","ohio","wyandot",-1.42434676419499
"1282692","wisconsin","burnett",-0.7196235266914
"1286397","ohio","defiance",-0.98039675495843
"1286565","minnesota","benton",-0.625293066003716
"1288388","ohio","paulding",-0.811387809713294
"1294444","wisconsin","dunn",-0.417330317970016
"1311145","wisconsin","polk",-0.430259674255414
"1311782","minnesota","cass",0.0358760302277515
"1312372","minnesota","stevens",-1.1756269003052
"1312613","minnesota","chippewa",-0.465161555953741
"1312955",NA,"grant",-0.791658277253109
"1313478",NA,"richland",-1.04756940704235
"1315685",NA,"sweetwater",-1.46198015657401
"1316603",NA,"sublette",-1.81471607529168
"1317988","utah","wasatch",-0.732312800411869
"1318421","minnesota","polk",-0.430259674255414
"1318428",NA,"uinta",-1.86005113611476
"1318788",NA,"bear lake",-2.28826677974139
"1319101",NA,"caribou",-2.14988747482801
"1319816","utah","morgan",-1.35697961378755
"1319864","utah","cache",-1.12212952278862
"1320206",NA,"griggs",-1.36520804374599
"1320408",NA,"steele",-0.595415882170027
"1320528",NA,"nelson",-0.111599443920691
"1321088",NA,"barnes",-0.833276148138732
"1321307",NA,"pembina",-1.43685887741122
"1321644",NA,"cavalier",-1.44885494891971
"1322433",NA,"hyde",-0.285973923254957
"1322565",NA,"hughes",-1.75521264445162
"1323129",NA,"walworth",-0.425850701308483
"1323179",NA,"burleigh",-1.12054234768777
"1326354",NA,"sheridan",-1.36791573678166
"1326901",NA,"bowman",-2.0784329038991
"1327405",NA,"fergus",-1.48172095152218
"1327709",NA,"campbell",-1.71818739420858
"1328240",NA,"butte",-2.11143053728236
"1329453",NA,"goshen",-1.71651920293667
"1329831",NA,"ward",-1.2770579888525
"1330177",NA,"renville",-1.88453094131288
"1330531",NA,"mountrail",-1.02224881045415
"1330597",NA,"williams",-1.59099769746468
"1330639",NA,"mckenzie",-1.99500273026786
"1331631",NA,"mccone",-2.08453313316658
"1331842",NA,"roosevelt",-0.699885102043494
"1332119",NA,"rosebud",-0.911621286336963
"1332173",NA,"big horn",-0.954384011472016
"1336010",NA,"gallatin",0.365059034993745
"1338477",NA,"fremont",-1.25646403544431
"1339695",NA,"cascade",-0.449198536677809
"1340089",NA,"chouteau",-0.794965096030321
"1340863",NA,"valley",-0.684949351858019
"1341082",NA,"hill",-0.253475173631484
"1341125",NA,"pondera",-1.02270429622999
"1341439",NA,"glacier",1.181702464123
"1343014",NA,"kitsap",0.787110023435458
"1343226",NA,"deer lodge",0.440284422099278
"1344396",NA,"ravalli",-0.981216140879283
"1344838","utah","tooele",-1.11884143077017
"1345754",NA,"bannock",-0.527528811784651
"1350327",NA,"clearwater",-1.68678853166005
"1350657",NA,"bonner",-0.999291526636835
"1354200","utah","carbon",-1.23677366474284
"1354221",NA,"latah",0.312727473280022
"1358353","utah","box elder",-1.95913895520125
"1360045",NA,"stevens",-1.1756269003052
"1360503",NA,"boundary",-1.7145051598679
"1364018","illinois","montgomery",1.20989927974349
"1364038","illinois","jersey",-1.36417083813071
"1379368","utah","summit",0.526229713257748
"1395341",NA,"power",-1.13377281936119
"1395618",NA,"blaine",0.597536268127919
"1395634","missouri","osage",-1.08268988815941
"1395636","missouri","crawford",-1.32208394659498
"1397195",NA,"cassia",-1.97906333746789
"1399081",NA,"jerome",-1.39865976925345
"1400151","illinois","richland",-1.04756940704235
"1400721","illinois","hamilton",0.438582753272596
"1400839","missouri","pulaski",0.66816839064211
"1401214","missouri","morgan",-1.35697961378755
"1401753","missouri","saline",-1.17644342687289
"1401862","missouri","benton",-0.625293066003716
"1402248",NA,"elmore",-1.34049507409034
"1402266","missouri","lafayette",-0.743083995384938
"1402446","missouri","clark",0.085060458243289
"1402610","missouri","johnson",-1.60381282454543
"1406640",NA,"sharp",-1.76234940996306
"1406866",NA,"fulton",1.4732639747266
"1407118","missouri","douglas",0.465612925576246
"1407120","missouri","webster",-0.748118951838508
"1407446",NA,"izard",-1.82497133078275
"1410080",NA,"cleburne",-2.102042588485
"1413218",NA,"miami",-1.23187617331671
"1423388",NA,"osage",-1.08268988815941
"1423887","missouri","vernon",-0.965342659741347
"1425495","missouri","henry",0.0988498969162835
"1425925",NA,"walla walla",-0.0937770835399465
"1427771","missouri","st clair",-0.13087849045312
"1427928",NA,"asotin",-0.646645812916221
"1427937",NA,"allen",-1.1634025395785
"1428376",NA,"anderson",-0.843437430255537
"1428568",NA,"pottawatomie",-1.29640002639395
"1428960","missouri","dallas",1.13841909243726
"1429144",NA,"baker",-1.86994533840603
"1429404",NA,"cherokee",-1.15184043829544
"1430168",NA,"payette",-1.72778182161852
"1430333","missouri","newton",0.379079805082957
"1430447",NA,"wilson",-0.56063998864942
"1434906","utah","millard",-2.36570873411184
"1436081","utah","sanpete",-2.05112463666893
"1436188","utah","sevier",-1.77416098325693
"1436757","oklahoma","craig",-1.70365948409537
"1437163","utah","iron",-1.64482534188011
"1437452","oklahoma","nowata",-1.9253468798261
"1439005","oklahoma","mayes",-1.58108820448815
"1440814","missouri","stone",-1.68017318039848
"1442175","oklahoma","delaware",-0.227851325917095
"1444866","oklahoma","cherokee",-1.15184043829544
"1446050","oklahoma","adair",-1.70951863651672
"1452807","oklahoma","sequoyah",-1.70057079868838
"1452928",NA,"sebastian",-0.963791437633712
"1458340","oklahoma","mcintosh",-1.05989648326329
"1458607","oklahoma","haskell",-1.96632129652925
"1459016","oklahoma","okmulgee",-1.00447520337714
"1459208",NA,"van buren",-1.68217080328671
"1459317",NA,"conway",-0.978857052215539
"1461981",NA,"mitchell",-0.896785261564456
"1462316",NA,"hamilton",0.438582753272596
"1462800","oklahoma","kay",-1.45404042713735
"1462856",NA,"sumner",-1.0482148033405
"1463048",NA,"smith",-1.69265322411379
"1463095",NA,"phillips",0.0723426880128543
"1465477","oklahoma","woods",-1.92433080653647
"1465744",NA,"comanche",-0.461394425581424
"1465783",NA,"pawnee",-1.66760208007626
"1466550","oklahoma","major",-2.37171605464655
"1466741","oklahoma","logan",-1.4353286878298
"1466790","oklahoma","kingfisher",-2.119577812447
"1467774","oklahoma","lincoln",-1.23757204275409
"1468435",NA,"ford",-1.33764650516675
"1469253","oklahoma","beaver",-2.302402803015
"1469352",NA,"thomas",-0.428084002881118
"1470312","oklahoma","texas",-1.91999742472836
"1470356","colorado","otero",-0.638497852524571
"1470422","texas","moore",-0.756145091285
"1470535","colorado","morgan",-1.35697961378755
"1470638",NA,"laramie",-0.737293046810797
"1471389",NA,"albany",0.282008709364262
"1471851",NA,"otero",-0.638497852524571
"1472583","louisiana","jefferson davis",-1.58127233096231
"1472636","louisiana","calcasieu",-0.941898226446331
"1474273","louisiana","beauregard",-1.96962873506334
"1474581","texas","jasper",-1.62989275906966
"1475481","texas","hardin",-1.70544151631046
"1476006","louisiana","natchitoches",-0.287540193778284
"1478114","texas","chambers",-0.308009111605314
"1478187","texas","liberty",0.487406019093342
"1479921","texas","polk",-0.430259674255414
"1480302","texas","shelby",0.472382717329428
"1483798","texas","harrison",-1.48912293567288
"1483977",NA,"miller",-1.3044914433842
"1484753",NA,"hempstead",-0.923144213510058
"1484989",NA,"ouachita",-0.528237974546653
"1485272","louisiana","webster",-0.748118951838508
"1485311","louisiana","claiborne",-1.35255344569308
"1486371",NA,"columbia",-0.618049200217662
"1488057","texas","cass",0.0358760302277515
"1488177","texas","wood",-0.195235729197532
"1488185","texas","cherokee",-1.15184043829544
"1488236",NA,"sevier",-1.77416098325693
"1488598","texas","red river",-0.407692308656915
"1490207","oklahoma","mccurtain",-1.9312605846783
"1491311","texas","anderson",-0.843437430255537
"1491712",NA,"hot spring",-1.38163158657838
"1495524",NA,"polk",-0.430259674255414
"1495641","oklahoma","choctaw",-0.953158366197541
"1497734","oklahoma","stephens",-1.81765563343413
"1500557","oklahoma","custer",-1.46231503889068
"1500875","oklahoma","jackson",-1.07612394424721
"1501372","oklahoma","mcclain",-1.76747587984484
"1506989","texas","clay",-1.11517290881786
"1516933","oklahoma","okfuskee",-1.53491671293981
"1517605","oklahoma","marshall",-1.75466480033207
"1518260","oklahoma","atoka",-2.05784493344779
"1518357","oklahoma","bryan",-1.23239799584178
"1518718","texas","wheeler",-1.05119053435992
"1519137","texas","fannin",-1.86422853320278
"1523440","texas","fayette",-0.623540571695707
"1524025","texas","guadalupe",0.655424626087099
"1524097","texas","caldwell",-1.49199285820987
"1527523","texas","washington",-0.881088978059866
"1528154","texas","medina",-0.559101083362949
"1528221","texas","de witt",-1.19750829211197
"1533501","arizona","graham",-1.72743447116694
"1544616",NA,"mckinley",1.43985265899304
"1545704",NA,"cibola",0.471004859876204
"1564689",NA,"lea",-1.72090374582418
"1566437","texas","henderson",-0.638675415593934
"1567976","texas","hill",-0.253475173631484
"1571504","texas","walker",-1.84563299894416
"1594828",NA,"san miguel",1.43676500387296
"1595282",NA,"torrance",-0.886217945096101
"1603810",NA,"valencia",-0.118975902594498
"1644148","texas","brown",-0.267687872472843
"1644203","california","nevada",-0.848931410219115
"1645414","texas","hamilton",0.438582753272596
"1645557","texas","kent",0.230582950578329
"1647655","texas","howard",1.55634778107765
"1649003","texas","dawson",-1.90889095770315
"1650780","texas","duval",0.312347288058672
"1658991",NA,"curry",-1.12265882264693
"1659392","texas","hale",0.781311387588174
"1660490",NA,"eddy",-1.44630698086829
"1661909",NA,"luna",-0.144093177506074
"1662591","colorado","fremont",-1.25646403544431
"1665714","colorado","summit",0.526229713257748
"1677069",NA,"carbon",-1.23677366474284
"1678052","colorado","elbert",-0.969511386665166
"1681785","utah","grand",0.528863583620323
"1681807","utah","uintah",-2.32483055922452
"1681819","utah","duchesne",-2.45659843565694
"1702468","california","lake",0.268585057890696
